<?xml version="1.0" encoding="UTF-8"?>
<project-private xmlns="http://www.netbeans.org/ns/project-private/1">
    <editor-bookmarks xmlns="http://www.netbeans.org/ns/editor-bookmarks/2" lastBookmarkId="0"/>
    <open-files xmlns="http://www.netbeans.org/ns/projectui-open-files/2">
        <group>
            <file>file:/D:/tution/website%20design/E_Commerce3/web/admin_orders.jsp</file>
            <file>file:/D:/tution/website%20design/E_Commerce3/web/user/bill.jsp</file>
        </group>
    </open-files>
</project-private>
